name,url,author,date
1,notes\20230507_203852.png,armin,
2,notes\20230507_203908.png,armin,
3,notes\20230507_203942.png,armin,
4,notes\20230507_204001.png,armin,
5,notes\20230507_204022.png,armin,
6,notes\20230507_204037.png,armin,
7,notes\20230507_204048.png,armin,
8,notes\20230507_204100.png,armin,
9,notes\20230507_204129.png,armin,
10,notes\20230507_204144.png,armin,
11,notes\20230507_204201.png,armin,
12,notes\20230507_204215.png,armin,
13,notes\20230507_204237.png,armin,
14,notes\20230507_204315.png,armin,
15,notes\20230507_204332.png,armin,
16,notes\20230507_204354.png,armin,
17,notes\20230507_204410.png,armin,
18,notes\20230507_204426.png,armin,
19,notes\20230507_204444.png,armin,
20,notes\20230507_204511.png,armin,
21,notes\20230507_204527.png,armin,
22,notes\20230507_204549.png,armin,
23,notes\20230507_204612.png,armin,
24,notes\20230507_204632.png,armin,
25,notes\20230507_204647.png,armin,
26,notes\20230507_204728.png,armin,
27,notes\20230507_204741.png,armin,
28,notes\20230507_204756.png,armin,
29,notes\20230507_204813.png,armin,
30,notes\20230507_204824.png,armin,
31,notes\20230507_204836.png,armin,
32,notes\20230507_204855.png,armin,
33,notes\20230507_204911.png,armin,
34,notes\20230507_204923.png,armin,
35,notes\20230507_204938.png,armin,
36,notes\20230507_204954.png,armin,
37,notes\20230507_205008.png,armin,
38,notes\20230507_205024.png,armin,
39,notes\20230507_205038.png,armin,
40,notes\20230507_205058.png,armin,
41,notes\20230507_205115.png,armin,
42,notes\20230507_205129.png,armin,
43,notes\20230507_205147.png,armin,
44,notes\20230507_205202.png,armin,
45,notes\20230507_205217.png,armin,
46,notes\20230507_205231.png,armin,
47,notes\20230507_205240.png,armin,
48,notes\20230507_205254.png,armin,
49,notes\20230507_205314.png,armin,
50,notes\20230507_205333.png,armin,
51,notes\20230507_205346.png,armin,
52,notes\20230507_205402.png,armin,
53,notes\20230507_205418.png,armin,
54,notes\20230507_205429.png,armin,
55,notes\20230507_205447.png,armin,
56,notes\20230507_205504.png,armin,
57,notes\20230507_205513.png,armin,
58,notes\20230507_205524.png,armin,
59,notes\20230507_205536.png,armin,
60,notes\20230507_205550.png,armin,
61,notes\20230507_205601.png,armin,
62,notes\20230507_205618.png,armin,
63,notes\20230507_205701.png,armin,
64,notes\20230507_205718.png,armin,
65,notes\20230507_205736.png,armin,
66,notes\20230507_205751.png,armin,
67,notes\20230507_205808.png,armin,
68,notes\20230507_205822.png,armin,
69,notes\20230507_205838.png,armin,
70,notes\20230507_205846.png,armin,
71,notes\20230507_205901.png,armin,
72,notes\20230507_205913.png,armin,
73,notes\20230507_205927.png,armin,
74,notes\20230507_205938.png,armin,
75,notes\20230507_205948.png,armin,
76,notes\20230507_210001.png,armin,
77,notes\20230507_210022.png,armin,
78,notes\20230507_210035.png,armin,
79,notes\20230507_210049.png,armin,
80,notes\20230507_210105.png,armin,
81,notes\20230507_210121.png,armin,
82,notes\20230507_210139.png,armin,
83,notes\20230507_210152.png,armin,
84,notes\20230507_210206.png,armin,
85,notes\20230507_210231.png,armin,
86,notes\bloom.png,armin,
87,notes\green-profile.png,armin,
88,notes\hipplant.png,armin,
89,notes\thathurts.png,armin,
